<?xml version="1.0" encoding="UTF-8"?><rss version="2.0"
	xmlns:content="http://purl.org/rss/1.0/modules/content/"
	xmlns:wfw="http://wellformedweb.org/CommentAPI/"
	xmlns:dc="http://purl.org/dc/elements/1.1/"
	xmlns:atom="http://www.w3.org/2005/Atom"
	xmlns:sy="http://purl.org/rss/1.0/modules/syndication/"
	xmlns:slash="http://purl.org/rss/1.0/modules/slash/"
	>

<channel>
	<title>shorts &#8211; VortexWear</title>
	<atom:link href="./index.html" rel="self" type="application/rss+xml" />
	<link>./../../../index.html</link>
	<description>Unleash Your Unique Style and Conquer the Streets in Trendsetting Apparel</description>
	<lastBuildDate>Wed, 31 May 2023 12:57:45 +0000</lastBuildDate>
	<language>en-US</language>
	<sy:updatePeriod>
	hourly	</sy:updatePeriod>
	<sy:updateFrequency>
	1	</sy:updateFrequency>
	<generator>https://wordpress.org/?v=6.2.2</generator>

<image>
	<url>./../../../wp-content/uploads/2023/05/Asset-2.png</url>
	<title>shorts &#8211; VortexWear</title>
	<link>./../../../index.html</link>
	<width>32</width>
	<height>32</height>
</image> 
	<item>
		<title>One Piece Short</title>
		<link>./../../../product/one-piece-short/index.html</link>
					<comments>./../../../product/one-piece-short/index.html#respond</comments>
		
		<dc:creator><![CDATA[Administrator]]></dc:creator>
		<pubDate>Wed, 31 May 2023 12:57:44 +0000</pubDate>
				<guid isPermaLink="false">http://localhost/bluewave/?post_type=product&#038;p=313</guid>

					<description><![CDATA[Embark on a thrilling journey with our One Piece anime shorts, bringing the captivating world of pirates and adventure to life. Crafted with exceptional attention to detail and vibrant artwork, these shorts transport you to the Grand Line, where you'll join Luffy and his crew on their quest for the ultimate treasure, the One Piece.]]></description>
										<content:encoded><![CDATA[<p>Description: Embark on a thrilling journey with our One Piece anime shorts, bringing the captivating world of pirates and adventure to life. Crafted with exceptional attention to detail and vibrant artwork, these shorts transport you to the Grand Line, where you&#8217;ll join Luffy and his crew on their quest for the ultimate treasure, the One Piece. Indulge in the rich storytelling, dynamic characters, and stunning animation, all within the comfort of your own home. Unleash your inner pirate and experience the excitement of One Piece like never before with our irresistible anime shorts.</p>
]]></content:encoded>
					
					<wfw:commentRss>./../../../product/one-piece-short/feed/index.html</wfw:commentRss>
			<slash:comments>0</slash:comments>
		
		
			</item>
	</channel>
</rss>
