<?xml version="1.0" encoding="UTF-8"?><rss version="2.0"
	xmlns:content="http://purl.org/rss/1.0/modules/content/"
	xmlns:wfw="http://wellformedweb.org/CommentAPI/"
	xmlns:dc="http://purl.org/dc/elements/1.1/"
	xmlns:atom="http://www.w3.org/2005/Atom"
	xmlns:sy="http://purl.org/rss/1.0/modules/syndication/"
	xmlns:slash="http://purl.org/rss/1.0/modules/slash/"
	>

<channel>
	<title>tshirt &#8211; VortexWear</title>
	<atom:link href="./index.html" rel="self" type="application/rss+xml" />
	<link>./../../../index.html</link>
	<description>Unleash Your Unique Style and Conquer the Streets in Trendsetting Apparel</description>
	<lastBuildDate>Thu, 01 Jun 2023 04:54:03 +0000</lastBuildDate>
	<language>en-US</language>
	<sy:updatePeriod>
	hourly	</sy:updatePeriod>
	<sy:updateFrequency>
	1	</sy:updateFrequency>
	<generator>https://wordpress.org/?v=6.2.2</generator>

<image>
	<url>./../../../wp-content/uploads/2023/05/Asset-2.png</url>
	<title>tshirt &#8211; VortexWear</title>
	<link>./../../../index.html</link>
	<width>32</width>
	<height>32</height>
</image> 
	<item>
		<title>Luffy One Piece T-Shirts</title>
		<link>./../../../product/luffy-one-piece-t-shirts/index.html</link>
					<comments>./../../../product/luffy-one-piece-t-shirts/index.html#respond</comments>
		
		<dc:creator><![CDATA[Administrator]]></dc:creator>
		<pubDate>Thu, 01 Jun 2023 04:22:23 +0000</pubDate>
				<guid isPermaLink="false">http://localhost/bluewave/?post_type=product&#038;p=455</guid>

					<description><![CDATA[Custom Luffy One Piece T-Shirts for Men 5XL Short Sleeved 100 Cotton O Neck T Shirt]]></description>
										<content:encoded><![CDATA[<p>Custom Luffy One Piece T-Shirts for Men 5XL Short Sleeved 100 Cotton O Neck T Shirt</p>
]]></content:encoded>
					
					<wfw:commentRss>./../../../product/luffy-one-piece-t-shirts/feed/index.html</wfw:commentRss>
			<slash:comments>0</slash:comments>
		
		
			</item>
		<item>
		<title>Monkey D. Luffy Double-Faced Summer T-shirt</title>
		<link>./../../../product/monkey-d-luffy-double-faced-summer-t-shirt/index.html</link>
					<comments>./../../../product/monkey-d-luffy-double-faced-summer-t-shirt/index.html#respond</comments>
		
		<dc:creator><![CDATA[Administrator]]></dc:creator>
		<pubDate>Thu, 01 Jun 2023 04:19:26 +0000</pubDate>
				<guid isPermaLink="false">http://localhost/bluewave/?post_type=product&#038;p=453</guid>

					<description><![CDATA[Let the world know you're part of the Straw Hat crew with this eye-catching tee that pays homage to the iconic relationship between these beloved characters. Unite the Three Brothers on your journey and wear your fandom proudly with this must-have apparel piece.]]></description>
										<content:encoded><![CDATA[<p>Experience the unbreakable bond of the Three Brothers with our captivating One Piece short-sleeved t-shirt. Featuring Monkey D. Luffy, Portgas D. Ace, and Sabo, this dynamic design celebrates the indomitable spirit of brotherhood in the series. Crafted from premium, soft fabric, this t-shirt offers both comfort and style, making it a perfect choice for casual outings or anime conventions. Let the world know you&#8217;re part of the Straw Hat crew with this eye-catching tee that pays homage to the iconic relationship between these beloved characters. Unite the Three Brothers on your journey and wear your fandom proudly with this must-have apparel piece.</p>
]]></content:encoded>
					
					<wfw:commentRss>./../../../product/monkey-d-luffy-double-faced-summer-t-shirt/feed/index.html</wfw:commentRss>
			<slash:comments>0</slash:comments>
		
		
			</item>
		<item>
		<title>One Piece Three Brothers Short-sleeved T-shirt</title>
		<link>./../../../product/one-piece-three-brothers-short-sleeved-t-shirt/index.html</link>
					<comments>./../../../product/one-piece-three-brothers-short-sleeved-t-shirt/index.html#respond</comments>
		
		<dc:creator><![CDATA[Administrator]]></dc:creator>
		<pubDate>Thu, 01 Jun 2023 04:15:57 +0000</pubDate>
				<guid isPermaLink="false">http://localhost/bluewave/?post_type=product&#038;p=448</guid>

					<description><![CDATA[Let the world know you're part of the Straw Hat crew with this eye-catching tee that pays homage to the iconic relationship between these beloved characters. Unite the Three Brothers on your journey and wear your fandom proudly with this must-have]]></description>
										<content:encoded><![CDATA[<p>Experience the unbreakable bond of the Three Brothers with our captivating One Piece short-sleeved t-shirt. Featuring Monkey D. Luffy, Portgas D. Ace, and Sabo, this dynamic design celebrates the indomitable spirit of brotherhood in the series. Crafted from premium, soft fabric, this t-shirt offers both comfort and style, making it a perfect choice for casual outings or anime conventions. Let the world know you&#8217;re part of the Straw Hat crew with this eye-catching tee that pays homage to the iconic relationship between these beloved characters. Unite the Three Brothers on your journey and wear your fandom proudly with this must-have apparel piece.</p>
]]></content:encoded>
					
					<wfw:commentRss>./../../../product/one-piece-three-brothers-short-sleeved-t-shirt/feed/index.html</wfw:commentRss>
			<slash:comments>0</slash:comments>
		
		
			</item>
		<item>
		<title>One Piece Monkey D.Luffy Roronoa Zoro Classique Style de rue Tee-shirt</title>
		<link>./../../../product/one-piece-monkey-d-luffy-roronoa-zoro-classique-style-de-rue-tee-shirt/index.html</link>
					<comments>./../../../product/one-piece-monkey-d-luffy-roronoa-zoro-classique-style-de-rue-tee-shirt/index.html#respond</comments>
		
		<dc:creator><![CDATA[Administrator]]></dc:creator>
		<pubDate>Wed, 31 May 2023 13:45:54 +0000</pubDate>
				<guid isPermaLink="false">http://localhost/bluewave/?post_type=product&#038;p=320</guid>

					<description><![CDATA[The perfect blend of comfort and fandom, it effortlessly elevates your casual outfits with a touch of anime flair. Whether you're strolling through the city or attending conventions, this tee-shirt is a must-have for any fashion-savvy One Piece enthusiast. Stand out from the crowd and let your favorite characters take center stage with this exclusive classique tee-shirt.]]></description>
										<content:encoded><![CDATA[<p>Unleash your love for One Piece and showcase your impeccable street style with our Monkey D. Luffy and Roronoa Zoro Classique tee-shirt. Made from premium, soft fabric, this tee-shirt combines the iconic characters of Luffy and Zoro in a sleek and stylish design. The perfect blend of comfort and fandom, it effortlessly elevates your casual outfits with a touch of anime flair. Whether you&#8217;re strolling through the city or attending conventions, this tee-shirt is a must-have for any fashion-savvy One Piece enthusiast. Stand out from the crowd and let your favorite characters take center stage with this exclusive classique tee-shirt.</p>
]]></content:encoded>
					
					<wfw:commentRss>./../../../product/one-piece-monkey-d-luffy-roronoa-zoro-classique-style-de-rue-tee-shirt/feed/index.html</wfw:commentRss>
			<slash:comments>0</slash:comments>
		
		
			</item>
	</channel>
</rss>
