<?xml version="1.0" encoding="UTF-8"?><rss version="2.0"
	xmlns:content="http://purl.org/rss/1.0/modules/content/"
	xmlns:wfw="http://wellformedweb.org/CommentAPI/"
	xmlns:dc="http://purl.org/dc/elements/1.1/"
	xmlns:atom="http://www.w3.org/2005/Atom"
	xmlns:sy="http://purl.org/rss/1.0/modules/syndication/"
	xmlns:slash="http://purl.org/rss/1.0/modules/slash/"
	>

<channel>
	<title>backpack &#8211; VortexWear</title>
	<atom:link href="./index.html" rel="self" type="application/rss+xml" />
	<link>./../../../index.html</link>
	<description>Unleash Your Unique Style and Conquer the Streets in Trendsetting Apparel</description>
	<lastBuildDate>Wed, 31 May 2023 13:25:43 +0000</lastBuildDate>
	<language>en-US</language>
	<sy:updatePeriod>
	hourly	</sy:updatePeriod>
	<sy:updateFrequency>
	1	</sy:updateFrequency>
	<generator>https://wordpress.org/?v=6.2.2</generator>

<image>
	<url>./../../../wp-content/uploads/2023/05/Asset-2.png</url>
	<title>backpack &#8211; VortexWear</title>
	<link>./../../../index.html</link>
	<width>32</width>
	<height>32</height>
</image> 
	<item>
		<title>Monkey D Luffy Backpack Rucksack Bag</title>
		<link>./../../../product/monkey-d-luffy-backpack-rucksack-bag/index.html</link>
					<comments>./../../../product/monkey-d-luffy-backpack-rucksack-bag/index.html#respond</comments>
		
		<dc:creator><![CDATA[Administrator]]></dc:creator>
		<pubDate>Wed, 31 May 2023 13:25:43 +0000</pubDate>
				<guid isPermaLink="false">http://localhost/bluewave/?post_type=product&#038;p=318</guid>

					<description><![CDATA[Straw Hat Pirates shine as you carry your essentials in this stylish and durable backpack, capturing the spirit of Monkey D. Luffy himself. Join the crew and embark on your own extraordinary journey with this must-have accessory for any One Piece enthusiast.]]></description>
										<content:encoded><![CDATA[<p>Set sail on thrilling adventures with our Monkey D. Luffy backpack rucksack bag, designed for true One Piece fans. Crafted with high-quality materials and attention to detail, this backpack showcases Luffy&#8217;s iconic straw hat and emblematic pirate motifs. With spacious compartments and ergonomic design, it offers functionality and comfort for everyday use or cosplay events. Let your passion for the Straw Hat Pirates shine as you carry your essentials in this stylish and durable backpack, capturing the spirit of Monkey D. Luffy himself. Join the crew and embark on your own extraordinary journey with this must-have accessory for any One Piece enthusiast.</p>
]]></content:encoded>
					
					<wfw:commentRss>./../../../product/monkey-d-luffy-backpack-rucksack-bag/feed/index.html</wfw:commentRss>
			<slash:comments>0</slash:comments>
		
		
			</item>
	</channel>
</rss>
